Workbook

Sheet Sheet3
A1: Delivery Status | B1: Delayed
A3: Row Labels | B3: Average of Delay (Days) | N3: Delivery Status | O3: Delayed
A4: East | B4: 3.1666667
A5: Courier A | B5: 3.5 | N5: Row Labels | O5: Count of Actual Delivery Date
A6: Courier B | B6: 3 | N6: East | O6: 6
A7: Courier C | B7: 3 | N7: Courier A | O7: 2
A8: North | B8: 3.5882353 | N8: Courier B | O8: 1
A9: Courier A | B9: 3 | N9: Courier C | O9: 3
A10: Courier B | B10: 4 | N10: North | O10: 17
A11: Courier C | B11: 3.7142857 | N11: Courier A | O11: 5
A12: South | B12: 4.2222222 | N12: Courier B | O12: 5
A13: Courier A | B13: 4 | N13: Courier C | O13: 7
A14: Courier B | B14: 3.8 | N14: South | O14: 9
A15: Courier C | B15: 7 | N15: Courier A | O15: 3
A16: West | B16: 3.1333333 | N16: Courier B | O16: 5
A17: Courier A | B17: 2.3333333 | N17: Courier C | O17: 1
... A20: Grand Total | B20: 3.5106383 | N20: Courier B | O20: 7
N21: Courier C | O21: 5
N22: Grand Total | O22: 47

Sheet Sheet5
A1: Delivery Status | B1: (All)
A3: Row Labels | B3: Count of Actual Delivery Date
A4: East | B4: 36
A5: Courier A | B5: 11
A6: Courier B | B6: 12
A7: Courier C | B7: 13
A8: North | B8: 40
A9: Courier A | B9: 10
A10: Courier B | B10: 11
A11: Courier C | B11: 19
A12: South | B12: 40
A13: Courier A | B13: 16
A14: Courier B | B14: 12
A15: Courier C | B15: 12
... A20: Grand Total | B20: 150

Sheet Raw Data
A1: Order ID | B1: ASIN | C1: Region | D1: Courier | E1: Order Date | F1: Promised Delivery Date | G1: Actual Delivery Date | H1: Delay Reason | I1: Delay (Days) | J1: Delivery Status
A2: ORD-10001 | B2: B0011XZ11 | C2: South | D2: Courier B | E2: 46180 | F2: 46182 | G2: 46182 | H2: None | I2: =G2-F2 -> 0 | J2: =IF(I2>0,"Delayed","On Time") -> On Time
A3: ORD-10002 | B3: B0012XZ12 | C3: North | D3: Courier C | E3: 46201 | F3: 46203 | G3: 46207 | H3: Weather | I3: =G3-F3 -> 4 | J3: =IF(I3>0,"Delayed","On Time") -> Delayed
A4: ORD-10003 | B4: B0008XZ08 | C4: North | D4: Courier C | E4: 46228 | F4: 46230 | G4: 46230 | H4: None | I4: =G4-F4 -> 0 | J4: =IF(I4>0,"Delayed","On Time") -> On Time
A5: ORD-10004 | B5: B0008XZ08 | C5: North | D5: Courier C | E5: 46248 | F5: 46251 | G5: 46253 | H5: Weather | I5: =G5-F5 -> 2 | J5: =IF(I5>0,"Delayed","On Time") -> Delayed
A6: ORD-10005 | B6: B0018XZ18 | C6: South | D6: Courier B | E6: 46227 | F6: 46229 | G6: 46228 | H6: None | I6: =G6-F6 -> -1 | J6: =IF(I6>0,"Delayed","On Time") -> On Time
A7: ORD-10006 | B7: B0018XZ18 | C7: South | D7: Courier A | E7: 46248 | F7: 46252 | G7: 46251 | H7: None | I7: =G7-F7 -> -1 | J7: =IF(I7>0,"Delayed","On Time") -> On Time
A8: ORD-10007 | B8: B0004XZ04 | C8: North | D8: Courier C | E8: 46181 | F8: 46185 | G8: 46191 | H8: Warehouse Delay | I8: =G8-F8 -> 6 | J8: =IF(I8>0,"Delayed","On Time") -> Delayed | M8: Region | N8: Total Order | O8: Delayed Order | P8: On Time% | Q8: Average Delay | R8: Average Delay
A9: ORD-10008 | B9: B0025XZ25 | C9: East | D9: Courier B | E9: 46248 | F9: 46251 | G9: 46251 | H9: None | I9: =G9-F9 -> 0 | J9: =IF(I9>0,"Delayed","On Time") -> On Time | M9: North | N9: =COUNTIFS('Raw Data'!N:N,M9) -> 40 | O9: =COUNTIFS('Raw Data'!N:N,M9,'Raw Data'!U:U,"Delayed") -> 17 | P9: =(N9-O9)/N9 -> 0.575 | Q9: =IFERROR(AVERAGEIFS('Raw Data'!T:T,'Raw Data'!N:N,M9,'Raw Data'!U:U,"Delayed"),0) -> 3.5882353 | R9: =IFERROR(AVERAGEIFS('Raw Data'!U:U,'Raw Data'!O:O,N9,'Raw Data'!V:V,"Delayed"),0) -> 3.5882353
A10: ORD-10009 | B10: B0026XZ26 | C10: South | D10: Courier C | E10: 46205 | F10: 46207 | G10: 46206 | H10: None | I10: =G10-F10 -> -1 | J10: =IF(I10>0,"Delayed","On Time") -> On Time | M10: South | N10: =COUNTIFS('Raw Data'!N:N,M10) -> 40 | O10: =COUNTIFS('Raw Data'!N:N,M10,'Raw Data'!U:U,"Delayed") -> 9 | P10: =(N10-O10)/N10 -> 0.775 | Q10: =IFERROR(AVERAGEIFS('Raw Data'!T:T,'Raw Data'!N:N,M10,'Raw Data'!U:U,"Delayed"),0) -> 4.2222222 | R10: =IFERROR(AVERAGEIFS('Raw Data'!U:U,'Raw Data'!O:O,N10,'Raw Data'!V:V,"Delayed"),0) -> 4.2222222
A11: ORD-10010 | B11: B0029XZ29 | C11: East | D11: Courier C | E11: 46231 | F11: 46234 | G11: 46234 | H11: None | I11: =G11-F11 -> 0 | J11: =IF(I11>0,"Delayed","On Time") -> On Time | M11: East | N11: =COUNTIFS('Raw Data'!N:N,M11) -> 36 | O11: =COUNTIFS('Raw Data'!N:N,M11,'Raw Data'!U:U,"Delayed") -> 6 | P11: =(N11-O11)/N11 -> 0.83333333 | Q11: =IFERROR(AVERAGEIFS('Raw Data'!T:T,'Raw Data'!N:N,M11,'Raw Data'!U:U,"Delayed"),0) -> 3.1666667 | R11: =IFERROR(AVERAGEIFS('Raw Data'!U:U,'Raw Data'!O:O,N11,'Raw Data'!V:V,"Delayed"),0) -> 3.1666667
A12: ORD-10011 | B12: B0004XZ04 | C12: West | D12: Courier A | E12: 46217 | F12: 46219 | G12: 46218 | H12: None | I12: =G12-F12 -> -1 | J12: =IF(I12>0,"Delayed","On Time") -> On Time | M12: West | N12: =COUNTIFS('Raw Data'!N:N,M12) -> 34 | O12: =COUNTIFS('Raw Data'!N:N,M12,'Raw Data'!U:U,"Delayed") -> 15 | P12: =(N12-O12)/N12 -> 0.55882353 | Q12: =IFERROR(AVERAGEIFS('Raw Data'!T:T,'Raw Data'!N:N,M12,'Raw Data'!U:U,"Delayed"),0) -> 3.1333333 | R12: =IFERROR(AVERAGEIFS('Raw Data'!U:U,'Raw Data'!O:O,N12,'Raw Data'!V:V,"Delayed"),0) -> 3.1333333
A13: ORD-10012 | B13: B0002XZ02 | C13: North | D13: Courier C | E13: 46247 | F13: 46250 | G13: 46253 | H13: Warehouse Delay | I13: =G13-F13 -> 3 | J13: =IF(I13>0,"Delayed","On Time") -> Delayed
A14: ORD-10013 | B14: B0019XZ19 | C14: West | D14: Courier A | E14: 46185 | F14: 46188 | G14: 46188 | H14: None | I14: =G14-F14 -> 0 | J14: =IF(I14>0,"Delayed","On Time") -> On Time
A15: ORD-10014 | B15: B0002XZ02 | C15: East | D15: Courier C | E15: 46247 | F15: 46251 | G15: 46250 | H15: None | I15: =G15-F15 -> -1 | J15: =IF(I15>0,"Delayed","On Time") -> On Time
A16: ORD-10015 | B16: B0023XZ23 | C16: West | D16: Courier C | E16: 46218 | F16: 46220 | G16: 46219 | H16: None | I16: =G16-F16 -> -1 | J16: =IF(I16>0,"Delayed","On Time") -> On Time
A17: ORD-10016 | B17: B0006XZ06 | C17: North | D17: Courier B | E17: 46181 | F17: 46183 | G17: 46183 | H17: None | I17: =G17-F17 -> 0 | J17: =IF(I17>0,"Delayed","On Time") -> On Time
A18: ORD-10017 | B18: B0024XZ24 | C18: South | D18: Courier B | E18: 46224 | F18: 46227 | G18: 46231 | H18: Warehouse Delay | I18: =G18-F18 -> 4 | J18: =IF(I18>0,"Delayed","On Time") -> Delayed
A19: ORD-10018 | B19: B0018XZ18 | C19: East | D19: Courier A | E19: 46229 | F19: 46233 | G19: 46232 | H19: None | I19: =G19-F19 -> -1 | J19: =IF(I19>0,"Delayed","On Time") -> On Time
A20: ORD-10019 | B20: B0012XZ12 | C20: West | D20: Courier A | E20: 46193 | F20: 46195 | G20: 46197 | H20: Address Issue | I20: =G20-F20 -> 2 | J20: =IF(I20>0,"Delayed","On Time") -> Delayed
A21: ORD-10020 | B21: B0001XZ01 | C21: West | D21: Courier C | E21: 46197 | F21: 46200 | G21: 46202 | H21: Warehouse Delay | I21: =G21-F21 -> 2 | J21: =IF(I21>0,"Delayed","On Time") -> Delayed
A22: ORD-10021 | B22: B0018XZ18 | C22: East | D22: Courier C | E22: 46246 | F22: 46249 | G22: 46249 | H22: None | I22: =G22-F22 -> 0 | J22: =IF(I22>0,"Delayed","On Time") -> On Time
A23: ORD-10022 | B23: B0015XZ15 | C23: West | D23: Courier B | E23: 46225 | F23: 46228 | G23: 46234 | H23: Warehouse Delay | I23: =G23-F23 -> 6 | J23: =IF(I23>0,"Delayed","On Time") -> Delayed
A24: ORD-10023 | B24: B0002XZ02 | C24: South | D24: Courier A | E24: 46200 | F24: 46203 | G24: 46206 | H24: Weather | I24: =G24-F24 -> 3 | J24: =IF(I24>0,"Delayed","On Time") -> Delayed
... A151: ORD-10150 | B151: B0020XZ20 | C151: South | D151: Courier A | E151: 46215 | F151: 46218 | G151: 46218 | H151: None | I151: =G151-F151 -> 0 | J151: =IF(I151>0,"Delayed","On Time") -> On Time

Sheet summary
B3: Region | C3: Total Order | D3: Delayed Order | E3: On Time% | F3: Average Delay | G3: Repeat-Offender Flag
B4: North | C4: =COUNTIFS('Raw Data'!C:C,B4) -> 40 | D4: =COUNTIFS('Raw Data'!C:C,B4,'Raw Data'!J:J,"Delayed") -> 17 | E4: =(C4-D4)/C4 -> 0.575 | F4: =IFERROR(AVERAGEIFS('Raw Data'!I:I,'Raw Data'!C:C,B4,'Raw Data'!J:J,"Delayed"),0) -> 3.5882353 | G4: =IF(D4/C4>0.3,"Repeat Offender","OK") -> Repeat Offender
B5: South | C5: =COUNTIFS('Raw Data'!C:C,B5) -> 40 | D5: =COUNTIFS('Raw Data'!C:C,B5,'Raw Data'!J:J,"Delayed") -> 9 | E5: =(C5-D5)/C5 -> 0.775 | F5: =IFERROR(AVERAGEIFS('Raw Data'!I:I,'Raw Data'!C:C,B5,'Raw Data'!J:J,"Delayed"),0) -> 4.2222222 | G5: =IF(D5/C5>0.3,"Repeat Offender","OK") -> OK
B6: East | C6: =COUNTIFS('Raw Data'!C:C,B6) -> 36 | D6: =COUNTIFS('Raw Data'!C:C,B6,'Raw Data'!J:J,"Delayed") -> 6 | E6: =(C6-D6)/C6 -> 0.83333333 | F6: =IFERROR(AVERAGEIFS('Raw Data'!I:I,'Raw Data'!C:C,B6,'Raw Data'!J:J,"Delayed"),0) -> 3.1666667 | G6: =IF(D6/C6>0.3,"Repeat Offender","OK") -> OK
B7: West | C7: =COUNTIFS('Raw Data'!C:C,B7) -> 34 | D7: =COUNTIFS('Raw Data'!C:C,B7,'Raw Data'!J:J,"Delayed") -> 15 | E7: =(C7-D7)/C7 -> 0.55882353 | F7: =IFERROR(AVERAGEIFS('Raw Data'!I:I,'Raw Data'!C:C,B7,'Raw Data'!J:J,"Delayed"),0) -> 3.1333333 | G7: =IF(D7/C7>0.3,"Repeat Offender","OK") -> Repeat Offender
